adminContact, orgName, isoCC, subRegion, region, ipv4, ipv6, loadBalanced, httpWebsiteMirror, httpsWebsiteMirror, rsyncWebsiteMirror, ftpWebsiteMirror, httpDistMirror, httpsDistMirror, rsyncDistMirror, hiddenServiceMirror, updateDate
Tor Fan, Tor Supporter, US, United States, US, TRUE, TRUE, No, http://tor.loritsu.com/, , , , http://tor.loritsu.com/dist/, , , , 
Tor Fan, Tor Supporter, LU, Luxemborg, LU, TRUE, FALSE, No, http://torproject.adamas.ai/, , , , http://torproject.adamas.ai/dist/, , , , 
Tor Fan, Tor Supporter, UA, Ukraine, UA, TRUE, FALSE, No, http://torua.reactor-xg.kiev.ua/, , , , http://torua.reactor-xg.kiev.ua/dist/, , , , 
Tor Fan, Tor Supporter, FR, France, FR, TRUE, FALSE, No, http://37.187.0.127/tormirror/, , , , http://37.187.0.127/tormirror/dist/, , , , 
Tor Fan, Tor Supporter, US, United States, US, TRUE, FALSE, No, http://tor.minibofh.org/, , , , http://tor.minibofh.org/dist/, , , , 
Tor Fan, Tor Supporter, UK, United Kingdom, UK, TRUE, FALSE, No, http://tor.mage.me.uk/, , , , http://tor.mage.me.uk/dist/, , , , 
nsane2307 eml cc, tor-mirror.de, DE, Germany, Europe, TRUE, FALSE, No, http://tor-mirror.de/, https://tor-mirror.de/, , , http://tor-mirror.de/dist/, https://tor-mirror.de/dist/, , , 
citizen428 AT gmail DOT com, [[:bbs:]], DE, Germany, Europe, TRUE, FALSE, No, http://tor.blingblingsquad.net/, https://tor.blingblingsquad.net/, , , http://tor.blingblingsquad.net/dist/, https://tor.blingblingsquad.net/dist/, , , 
Tor Fan, NW Linux, US, WA, US, TRUE, FALSE, No, http://torproject.nwlinux.us/, , rsync://nwlinux.us/tor-web, , http://torproject.nwlinux.us/dist/, , rsync://nwlinux.us/tor-dist, , 
Tor Fan, Tor Supporter, NL, The Netherlands, NL, TRUE, FALSE, No, , , , , , https://www.coevoet.nl/tor/dist/, , , 
Tor Fan, LazyTiger, FR, France, FR, TRUE, FALSE, No, http://tor.taiga-san.net/, , , , http://tor.taiga-san.net/dist/, , , , 
Tor Fan, Tor Supporter, EE, Estonia, EE, TRUE, FALSE, No, http://tor.li/, https://tor.li/, , , http://tor.li/dist/, https://tor.li/dist/, , , 
Tor Fan, Tor Supporter, DE, Germany, DE, TRUE, FALSE, NO, http://tor.externenpr端fung-nichtsch端ler.de/, , , , http://tor.externenpr端fung-nichtsch端ler.de/dist/, , , , 
mirror-service@netcologne.de, NetCologne GmbH, DE, NRW, , TRUE, TRUE, No, http://mirror.netcologne.de/torproject.org, , rsync://mirror.netcologne.de/torproject.org, ftp://mirror.netcologne.de/torproject.org/, http://mirror.netcologne.de/torproject.org/dist, , rsync://mirror.netcologne.de/torproject.org/dist, , Wed Jul 15 18:49:12 2015
admin AT netgull DOT com, NetGull, US, United States, North America, TRUE, TRUE, No, , , , , http://www.netgull.com/torproject/, , , , 
mirrors[at]ip-connect[dot]vn[dot]ua, IP-Connect LLC, UA, VN, , TRUE, TRUE, Yes, http://torproject.ip-connect.vn.ua, , rsync://torproject.ip-connect.vn.ua/torproject, ftp://torproject.ip-connect.vn.ua/mirror/torproject/, http://torproject.ip-connect.vn.ua/dist, , rsync://torproject.ip-connect.vn.ua/torproject/dist, , Wed Jul 15 18:49:12 2015
torsupport AT tb-itf DOT de, TB-ITF, DE, Germany, Europe, TRUE, TRUE, No, http://tormirror.tb-itf-tor.de, https://tormirror.tb-itf-tor.de, , , http://tormirror.tb-itf-tor.de/dist/, https://tormirror.tb-itf-tor.de/dist/, , , Wed Jul 15 18:49:12 2015
admin at koreswatanabe dottnet, Tor Supporter, RO, Romania, RO, TRUE, TRUE, No, http://tor-relay.koreswatanabe.net, , , , http://tor-relay.koreswatanabe.net/dist/, , , , 
calebcenter@live.com, calebxu.tk, US, United States, US, TRUE, FALSE, NO, http://tor.calebxu.tk, , rsync://calebxu.tk/tor, ftp://ftp.calebxu.tk, http://tor.calebxu.tk/dist, , , , 
maki@maki-chan.de, Maki Hoshisawa, DE, Germany, DE, TRUE, FALSE, NO, http://tor.mirrors.maki-chan.de/, , , , http://tor.mirrors.maki-chan.de/dist/, , , , Sat Aug 23 08:09:07 2014
info AT zentrum-der-gesundheit DOT de, Zentrum der Gesundheit, DK, Denmark, Europe, TRUE, FALSE, No, http://tor.idnr.ws/, , , , http://tor.idnr.ws/dist/, , , , Tue Sep  2 11:16:00 2014
info /AT enn /DOT lu, Frenn vun der Enn A.S.B.L., IS, Iceland, Europe, TRUE, FALSE, No, http://torproject.lu/, , , , http://torproject.lu/dist/, , , http://btn6gqzqevlhoryd.onion, Wed Jul 15 18:49:12 2015
Piratenpartei Bayern, Piratenpartei Bayern, DE, Germany, DE, TRUE, FALSE, NO, http://tormirror.piratenpartei-bayern.de, https://tormirror.piratenpartei-bayern.de, , , http://tormirror.piratenpartei-bayern.de/dist/, https://tormirror.piratenpartei-bayern.de/dist/, , , Wed Jul 15 18:49:12 2015
Tor Fan, Tor Supporter, DE, Germany, DE, TRUE, TRUE, NO, http://tor.hoi-polloi.org, https://tor.hoi-polloi.org/, , , http://tor.hoi-polloi.org/dist/, https://tor.hoi-polloi.org/dist/, , , Wed Jul 15 18:49:12 2015
tor@fodt.it // FoDT.it Webteam, FoDT.it, AT, Austria, Europe, TRUE, FALSE, No, http://tor.fodt.it, https://tor.fodt.it, , ftp://ftp.fodt.it/pub/mirrors/torproject.org/, http://tor.fodt.it/dist/, https://tor.fodt.it/dist/, , , Mon Aug 25 10:19:07 2014
http://www.multinet.no, MultiNet AS, NO, Trondheim, Trondheim, TRUE, TRUE, No, http://tor.multinet.no/, , , , http://tor.multinet.no/dist/, , , , Wed Jul 15 18:49:12 2015
haskell at gmx.es, Tor Supporter, ES, Spain, Europe, TRUE, TRUE, No, http://tor.zilog.es/, https://tor.zilog.es/, , , http://tor.zilog.es/dist/, https://tor.zilog.es/dist/, , , Wed Jul 15 18:49:12 2015
Tor Fan, Tor Supporter, US, United States, US, TRUE, FALSE, No, http://199.175.55.215/, https://199.175.55.215/, , , http://199.175.55.215/dist/, https://199.175.55.215/dist/, , , Wed Jul 15 18:49:12 2015
Tor Fan, Tor Supporter, US, United States, US, FALSE, TRUE, No, http://2607:8b00:2::6258:5c9/, https://2607:8b00:2::6258:5c9/, , , http://2607:8b00:2::6258:5c9/dist/, https://2607:8b00:2::6258:5c9/dist/, , , Tue Jan 20 16:17:52 2015
margus.random at mail.ee, CyberSIDE, EE, Estonia, EE, TRUE, FALSE, No, http://cyberside.planet.ee/tor/, , , , http://cyberside.net.ee/tor/, , , , Wed Jul 15 18:49:12 2015
Tor Fan, torproject.is, IS, Iceland, IS, TRUE, FALSE, No, http://www.torproject.is/, , , , http://www.torproject.is/dist/, , , , Wed Jul 15 18:49:12 2015
Tor Fan, spline, DE, Germany, DE, TRUE, FALSE, No, http://tor.spline.de/, https://tor.spline.inf.fu-berlin.de/, rsync://ftp.spline.de/tor, ftp://ftp.spline.de/pub/tor, http://tor.spline.de/dist/, https://tor.spline.inf.fu-berlin.de/dist/, rsync://ftp.spline.de/tor/dist, , Wed Jul 15 18:49:12 2015
Tor Fan, me0w.cc, RO, Romania, RO, TRUE, FALSE, No, http://tor.me0w.cc/, , , , http://tor.me0w.cc/dist/, , , , Thu Jan  1 16:17:56 2015
Tor Fan, borgmann.tv, DE, Germany, DE, TRUE, FALSE, No, http://tor.borgmann.tv/, , , , http://tor.borgmann.tv/dist/, , , , Sun Jul 12 19:04:44 2015
Tor Fan, Tor Supporter, AT, Austria, AT, TRUE, TRUE, No, http://tor.dont-know-me.at/, , , , http://tor.dont-know-me.at/dist/, , , , Tue Jan 20 16:17:52 2015
coralcdn.org, CoralCDN, INT, International, INT, TRUE, FALSE, Yes, http://www.torproject.org.nyud.net/, , , , http://www.torproject.org.nyud.net/dist/, , , , Thu Jan  8 02:01:06 2015
Tor Fan, Tor Supporter, AT, Austria, AT, TRUE, FALSE, No, http://torproject.ph3x.at/, , , , http://torproject.ph3x.at/dist/, , , , Wed Jul 15 18:49:12 2015
Tor Fan, Tor Supporter, MX, Mexico, MX, TRUE, FALSE, No, http://fbnaia.homelinux.net/torproject/, https://fbnaia.homelinux.net/torproject/, , , http://fbnaia.homelinux.net/torproject/dist/, https://fbnaia.homelinux.net/torproject/dist/, , , Wed Jul 15 18:49:12 2015
webmaster AT askapache DOT com, AskApache, US, California, US, TRUE, FALSE, No, http://tor.askapache.com/, , , , http://tor.askapache.com/dist/, , , , Wed Jul 15 18:49:12 2015
Tor Fan, Tor Supporter, FR, France, FR, TRUE, FALSE, No, http://tor.mirror.chekanov.net/, , , , http://tor.mirror.chekanov.net/dist/, , , , Mon Mar 16 15:53:03 2015
kontakt AT unicorncloud DOT org, UnicornCloud.org, DE, Germany, Falkenstein, TRUE, FALSE, No, http://mirror.unicorncloud.org/torproject.org/, https://mirror.unicorncloud.org/torproject.org/, , , http://mirror.unicorncloud.org/torproject.org/dist, https://mirror.unicorncloud.org/torproject.org/dist, , , Wed Jul 15 18:49:12 2015
root AT amorphis DOT eu, Amorphis, NL, The Netherlands, Europe, TRUE, FALSE, No, http://tor.amorphis.eu/, , , , http://tor.amorphis.eu/dist/, , , , Mon Mar 16 15:53:03 2015
hackthissite.org, HackThisSite.org, US, United States, US, TRUE, TRUE, No, http://tor.hackthissite.org/, https://tor.hackthissite.org/, , , http://mirror.hackthissite.org/tor, https://mirror.hackthissite.org/tor, , , Wed Jul 15 18:49:12 2015
paul at coffswifi.net, CoffsWiFi, AU, Australia and New Zealand, APNIC, TRUE, FALSE, No, http://torproject.coffswifi.net, , , , http://torproject.coffswifi.net/dist, , , , Wed Jul 15 18:49:12 2015
Tor Fan, cyberarmy, AT, Austria, AT, TRUE, FALSE, No, http://tor.cyberarmy.at/, , , , , , , , Wed Jul 15 18:49:12 2015
hostmaster AT example DOT com, TheOnionRouter, IS, Iceland, Iceland, TRUE, FALSE, No, http://www.theonionrouter.com/, , , , http://www.theonionrouter.com/dist/, , , , Wed Jul 15 18:49:12 2015
Tor Fan, crazyhaze.de, DE, Germany, DE, TRUE, FALSE, No, http://tor.crazyhaze.de/, https://tor.crazyhaze.de/, , , http://tor.crazyhaze.de/dist/, https://tor.crazyhaze.de/dist/, , , Tue Jul  7 13:16:29 2015
Tor Fan, chaos darmstadt, DE, Germany, Europe, TRUE, FALSE, No, http://mirrors.chaos-darmstadt.de/tor-mirror/, , , , http://mirrors.chaos-darmstadt.de/tor-mirror/dist/, , , , Wed Jul 15 18:49:12 2015
Tor Fan, Soviet Anonymous, RU, Russia, RU, TRUE, FALSE, No, http://creep.im/tor, https://creep.im/tor, rsync://creep.im/tor, ftp://creep.im/mirrors/tor, http://creep.im/tor/dist/, https://creep.im/tor/dist/, rsync://creep.im/tor-dist, , Wed Jul 15 18:49:12 2015
Tor Fan, torservers, DE, Germany, DE, TRUE, FALSE, No, http://www.torservers.net/mirrors/torproject.org/, https://www.torservers.net/mirrors/torproject.org/, , , http://www.torservers.net/mirrors/torproject.org/dist/, https://www.torservers.net/mirrors/torproject.org/dist/, , http://hbpvnydyyjbmhx6b.onion/mirrors/torproject.org/, Wed Jul 15 18:49:12 2015
Tor Fan, torland, GB, United Kingdom, GB, TRUE, FALSE, No, http://mirror.torland.me/torproject.org/, https://mirror.torland.me/torproject.org/, , , http://mirror.torland.me/torproject.org/dist/, https://mirror.torland.me/torproject.org/dist/, , , Wed Jul 15 18:49:12 2015
Tor Fan, Lightning-bolt.net, CZ, Czech Republic, CZ, TRUE, FALSE, No, http://torproject.lightning-bolt.net/, , , , http://torproject.lightning-bolt.net/dist/, , , , Mon Mar 16 15:53:03 2015
IceBear, myRL.net, IS, Iceland, IS, TRUE, FALSE, No, http://tor.myrl.net/, https://tor.myrl.net/, , , http://tor.myrl.net/dist/, https://tor.myrl.net/dist/, , , Wed Jul 15 18:49:12 2015
kiro AT userzap DOT de, Userzap, DE, Germany, DE, TRUE, FALSE, No, http://torprojekt.userzap.de, https://torprojekt.userzap.de, , , http://torprojekt.userzap.de/dist/, https://torprojekt.userzap.de/dist/, , , Tue Jan 20 16:17:52 2015
tor@les.net, tor@les.net, CA, Canada, CA, TRUE, FALSE, NO, http://tor.les.net/, , , , http://tor.les.net/dist, , , , Wed Jul 15 18:49:12 2015
tor@stalkr.net, stalkr.net, FR, France, FR, TRUE, TRUE, NO, http://tor.stalkr.net/, https://tor.stalkr.net/, , , http://tor.stalkr.net/dist/, https://tor.stalkr.net/dist/, , , Wed Jul 15 18:49:12 2015
doemela[AT]cyberguerrilla[DOT]org, cYbergueRrilLa AnonyMous NeXus, DE, Germany, DE, TRUE, FALSE, NO, , https://tor-mirror.cyberguerrilla.org, , , , https://tor-mirror.cyberguerrilla.org/dist/, , http://6dvj6v5imhny3anf.onion, Wed Jul 15 18:49:12 2015
contact@gtor.org, Gtor, DE, Germany, DE, TRUE, TRUE, NO, http://torproject.gtor.org/, https://torproject.gtor.org/, rsync://torproject.gtor.org/website-mirror/, , http://torproject.gtor.org/dist/, https://torproject.gtor.org/dist/, rsync://torproject.gtor.org/website-mirror/dist/, , Wed Jul 15 18:49:12 2015
SDL, SDL, US, United States, US, TRUE, TRUE, NO, http://torproject.nexiom.net, https://torproject.nexiom.net, , , http://torproject.nexiom.net, https://torproject.nexiom.net/dist, , , Wed Jul 15 18:49:12 2015
Tor Fan, Tor Supporter, DE, Germany, DE, TRUE, TRUE, NO, http://mirror.velcommuta.de/tor/, https://mirror.velcommuta.de/tor/, , , http://mirror.velcommuta.de/tor/dist/, https://mirror.velcommuta.de/tor/dist/, , , Wed Jul 15 18:49:12 2015
EFF, EFF, US, United States, US, TRUE, FALSE, NO, , https://tor.eff.org, , , , https://tor.eff.org/dist/, , , Wed Jul 15 18:49:12 2015
Tor Fan, Tor Supporter, GR, Greece, GR, TRUE, TRUE, NO, http://tor.void.gr, https://tor.void.gr, , , http://tor.void.gr/dist/, https://tor.void.gr/dist/, , , Wed Jul 15 18:49:12 2015
Ich Eben, Tor Supporter, DE, Germany, DE, TRUE, TRUE, No, http://reichster.de/mirrors/torproject.org/, https://reichster.de/mirrors/torproject.org, , , http://reichster.de/mirrors/torproject.org/dist/, https://reichster.de/mirrors/torproject.org/dist/, , , Wed Jul 15 18:49:12 2015
jlgaddis AT gnu DOT org, Evil Routers, US, United States, US, TRUE, FALSE, No, http://tor1.evilrouters.net/, , , , http://tor1.evilrouters.net/dist/, , , , Wed Jul 15 18:49:12 2015
tor AT miglix DOT eu, Tor Supporter, DE, Germany, Europe, TRUE, TRUE, NO, http://tor.miglix.eu, https://tor.miglix.eu, , , http://tor.miglix.eu/dist/, https://tor.miglix.eu/dist/, , , Wed Jul 15 18:49:12 2015
tor TA ninurta TOD name, TorNinurtaName, AT, Austria, AT, TRUE, TRUE, no, http://tor.ninurta.name/, , , , http://tor.ninurta.name/dist/, , , , Wed Oct 22 15:02:17 2014
fr33tux <AT> general-changelog-team.fr, Tor Supporter, FR, France, FR, TRUE, TRUE, No, http://tor.fr33tux.org, https://tor.fr33tux.org, , , http://tor.fr33tux.org/dist/, https://tor.fr33tux.org/dist/, , , Wed Jul 15 18:49:12 2015
sebastian(at)bobrecki(dot)pl, Sebastian M. Bobrecki, PL, Poland, Europe, TRUE, FALSE, No, http://tor.iv.net.pl, https://tor.iv.net.pl, , , http://tor.iv.net.pl/dist/, https://tor.iv.net.pl/dist/, , , Wed Jul 15 18:49:12 2015
tor-mirror AT rdns DOT cc, d0wn.biz, FR, France, Europe, TRUE, FALSE, No, http://tor.static.lu, https://tor.static.lu, , , http://tor.static.lu/dist/, https://tor.static.lu/dist/, , , Wed Jul 15 18:49:12 2015
tor@moparisthebest.com, moparisthebest.com, DE, Germany, Europe, TRUE, TRUE, No, http://www.moparisthebest.com/tor/, https://www.moparisthebest.com/tor/, , , http://www.moparisthebest.com/tor/dist/, https://www.moparisthebest.com/tor/dist/, , , Wed Jul 15 18:49:12 2015
Sebastian, Maxanoo, NL, The Netherlands, Amsterdam, TRUE, FALSE, NO, http://tor.maxanoo.com/, , , , http://tor.maxanoo.com/dist/, , , , Sun May 31 15:13:53 2015
rorrim AT ayo DOT tl, Tor Supporter, IS, Iceland, Europe, TRUE, TRUE, No, http://ayo.tl/tor/, https://ayo.tl/tor/, , , http://ayo.tl/tor/dist/, https://ayo.tl/tor/dist/, , , Tue Jan 20 16:17:52 2015
stefano.fenoglio AT gmail DOT com, Tor Supporter, IT, Italy, Europe, TRUE, FALSE, No, http://tor.stefanof.com, , , , http://tor.stefanof.com/dist, , , , Sun Jul 12 13:19:35 2015
Tor Fan, Ramos Research, US, United States, US, TRUE, TRUE, No, http://tor.ramosresearch.com/, , , , http://tor.ramosresearch.com/dist/, , , , Mon Mar 16 15:53:03 2015
Tor Fan, Tor Supporter, DE, Germany, Europe, TRUE, FALSE, No, http://tor.euve33747.vserver.de/, , , , http://tor.euve33747.vserver.de/dist, , , , Wed Jul 15 18:49:12 2015
s7r[at]sky-ip[d0t]org, sky-ip.org, NL, Netherlands, NL, TRUE, FALSE, No, http://beautiful-mind.sky-ip.org/, , , , http://beautiful-mind.sky-ip.org/dist/, , , , Wed Jul 15 18:49:12 2015
tor#pajonzeck#de, ITsn, DE, Germany, Europe, TRUE, FALSE, No, http://tor.pajonzeck.de/, https://tor.pajonzeck.de/, rsync://tor.pajonzeck.de/tor, , http://tor.pajonzeck.de/dist/, https://tor.pajonzeck.de/dist/, rsync://tor.pajonzeck.de/tor/dist, http://zgfgvob256pffy62.onion, Wed Jul 15 18:49:12 2015
peter AT ludikovsky DOT name, Tor Supporter, AT, Austria, Europe, TRUE, TRUE, No, http://tor.ludikovsky.name/, https://tor.ludikovsky.name/, rsync://tor.ludikovsky.name/tor, , http://tor.ludikovsky.name/dist, https://tor.ludikovsky.name/dist, rsync://tor.ludikovsky.name/tor-dist, http://54lnbzjo6xlr4f4j.onion/, Wed Jul 15 18:49:12 2015
admin AT nuclear DASH weapons DOT net, Setec Administrator, US, Texas, Austin, TRUE, FALSE, No, http://tor.nuclear-weapons.net, https://tor.nuclear-weapons.net, , , http://tor.nuclear-weapons.net/dist, https://tor.nuclear-weapons.net/dist, , , Wed Jul 15 18:49:12 2015
0x43DE8191, Tor Supporter, DE, Germany, Europe, TRUE, TRUE, No, http://torproject.hactar.bz, , , , http://torproject.hactar.bz/dist/, , , , Wed Jul 15 18:49:12 2015
-nick at calyx dot com, The Calyx Institute, US, United States, North America, TRUE, FALSE, No, http://tor.calyxinstitute.org, https://tor.calyxinstitute.org, , , http://tor.calyxinstitute.org/dist/, https://tor.calyxinstitute.org/dist/, , http://tmdrhl4e4anhsjc5.onion, Wed Jul 15 18:49:12 2015
opi@zeropi.net, Tor Supporter, FR, France, FR, TRUE, TRUE, No, http://tor-mirror.zeropi.net/, , , , http://tor-mirror.zeropi.net/dist/, , , , Mon Dec  1 12:15:20 2014
noc AT babylon DOT network, Babylon Network, NL, The Netherlands, Europe, TRUE, TRUE, No, http://mirror2.babylon.network/torproject/, https://mirror2.babylon.network/torproject/, rsync://mirror2.babylon.network/torproject/, ftp://mirror2.babylon.network/torproject/, http://mirror2.babylon.network/torproject/dist/, https://mirror2.babylon.network/torproject/dist/, rsync://mirror2.babylon.network/torproject/dist/, , Wed Jul 15 18:49:12 2015
noc AT babylon DOT network, Babylon Network, FR, France, Europe, TRUE, TRUE, No, http://mirror0.babylon.network/torproject/, https://mirror0.babylon.network/torproject/, rsync://mirror0.babylon.network/torproject/, ftp://mirror0.babylon.network/torproject/, http://mirror0.babylon.network/torproject/dist/, https://mirror0.babylon.network/torproject/dist/, rsync://mirror0.babylon.network/torproject/dist/, , Wed Jul 15 18:49:12 2015
noc AT babylon DOT network, Babylon Network, FR, France, Europe, TRUE, TRUE, No, http://mirror1.babylon.network/torproject/, https://mirror1.babylon.network/torproject/, rsync://mirror1.babylon.network/torproject/, ftp://mirror1.babylon.network/torproject/, http://mirror1.babylon.network/torproject/dist/, https://mirror1.babylon.network/torproject/dist/, rsync://mirror1.babylon.network/torproject/dist/, , Wed Jul 15 18:49:12 2015
alexander AT dietrich DOT cx, Tor Supporter, DE, Germany, Europe, TRUE, TRUE, No, http://tor.ybti.net/, https://tor.ybti.net/, , , http://tor.ybti.net/dist/, https://tor.ybti.net/dist/, , , Wed Jul 15 18:49:12 2015
tor@0x3d.lu, 0x3d.lu, DE, Germany, Europe, TRUE, FALSE, No, http://tor.0x3d.lu/, https://tor.0x3d.lu/, , , http://tor.0x3d.lu/dist/, https://tor.0x3d.lu/dist/, , , Wed Jul 15 18:49:12 2015
kraai@ftbfs.org 0xADCE6065, , SE, Sweden, Europe, TRUE, TRUE, No, http://tor.ftbfs.org/, , , , http://tor.ftbfs.org/dist/, , , , Fri Oct 24 08:28:32 2014
kontakt@unicorncloud.org, UnicornCloud.org, AT, Favoriten, Wien, TRUE, TRUE, No, http://www.unicorncloud.org/public/torproject.org/, https://www.unicorncloud.org/public/torproject.org/, , , http://www.unicorncloud.org/public/torproject.org/dist, https://www.unicorncloud.org/public/torproject.org/dist, , , Mon Mar 16 15:53:03 2015
James Murphy, intfxdx.com, US, United States, US, TRUE, TRUE, No, http://108.248.87.242/, https://108.248.87.242/, , , http://108.248.87.242/dist/, https://108.248.87.242/dist/, , , Wed Jul 15 18:49:12 2015
Sam Whited 4096R/54083AE104EA7AD3 <sam@samwhited.com>, SamWhited.com, US, GA, United States, TRUE, TRUE, FALSE, http://mirrors.samwhited.net/tor, https://mirrors.samwhited.net/tor, rsync://mirrors.samwhited.net/tor, , http://mirrors.samwhited.net/tor/dist, https://mirrors.samwhited.net/tor/dist, rsync://mirrors.samwhited.net/tor-dist, , Wed Jul 15 18:49:12 2015
rohit008 AT e DOT ntu DOT edu DOT sg, NTUOSS, SG, Singapore, Asia, TRUE, FALSE, No, http://torproject.ntuoss.com/, , , , http://torproject.ntuoss.com/dist/, , , , Mon Mar 16 15:53:03 2015
jvictors at jessevictors dot com, Department of CS at USU, US, United States, North America, TRUE, FALSE, No, http://tor-relay.cs.usu.edu/mirrors/torproject.org/, https://www.jessevictors.com/secureMirrors/torproject.org/, , , http://tor-relay.cs.usu.edu/mirrors/torproject.org/dist/, https://www.jessevictors.com/secureMirrors/torproject.org/dist/, , , Wed Jul 15 18:49:12 2015
Jacob Henner, Anatomical Networks, US, United States, US, TRUE, TRUE, TRUE, http://tor.ventricle.us/, , , , http://tor.ventricle.us/dist/, , , , Tue Jan 20 16:17:52 2015
hostmaster@lucidnetworks.net, Lucid Networks, US, United States, US, TRUE, FALSE, No, http://tor.mirrors.lucidnetworks.net, , rsync://tor.mirrors.lucidnetworks.net::tor, , http://tor.mirrors.lucidnetworks.net/dist, , rsync://tor.mirrors.lucidnetworks.net::tor-dist, , Wed Jul 15 18:49:12 2015
hostmaster@vieth-server.de, mirror-server.de, DE, Germany, DE, TRUE, TRUE, No, http://tor.mirror-server.de/, , , , http://tor.mirror-server.de/dist/, , , , Tue Jan 20 16:17:52 2015
mirror ntzk de, Netzkonstrukt Berlin, DE, Germany, Europe, TRUE, FALSE, No, http://mirror.ntzk.de/torproject.org/, https://mirror.ntzk.de/torproject.org/, , , http://mirror.ntzk.de/torproject.org/dist/, https://mirror.ntzk.de/torproject.org/dist/, , , Wed Jul 15 18:49:12 2015
mirror@xfree.com.ar, Xfree.com.ar, AR, Argentina, South America, TRUE, FALSE, No, http://tor.xfree.com.ar/, , , , http://tor.xfree.com.ar/dist/, , , , Wed Jul 15 18:49:12 2015
tor AT eprci NET, EPRCI, US, NH, US, TRUE, FALSE, No, http://tor.eprci.net/, https://www.eprci.com/tor/, , , http://tor.eprci.net/dist/, https://www.eprci.com/tor/dist/, , , Wed Jul 15 18:49:12 2015
tor@kura.io, KURA IO LIMITED, NL, Netherlands, Europe, TRUE, TRUE, TRUE, http://tor-mirror.kura.io/, https://tor-mirror.kura.io/, rsync://tor-mirror.kura.io/torproject.org, ftp://tor-mirror.kura.io, http://tor-mirror.kura.io/dist/, https://tor-mirror.kura.io/dist/, rsync://tor-mirror.kura.io/torproject.org/dist, , Thu Jan 22 16:27:59 2015
tor-admin AT wardsback DOT org, wardsback.org, FR, France, FR, TRUE, FALSE, No, http://alliumcepa.wardsback.org/, , , , http://alliumcepa.wardsback.org/dist/, , , , Wed Jul 15 18:49:12 2015
PW, PW, DE, Germany, DE, TRUE, TRUE, NO, http://tor.pw.is/, https://www.it-sicherheitschannel.de/, , , http://tor.pw.is/dist/, https://www.it-sicherheitschannel.de/dist/, , , Wed Jul 15 18:49:12 2015
kevin@freedom.press, Freedom of the Press Foundation, , US, US, True, False, No, http://tor.freedom.press, https://tor.freedom.press, , , http://tor.freedom.press/dist/, https://tor.freedom.press/dist/, , , 
hsu AT peterdavehellor DOT org, Department of CSE. Yuan Ze University, TW, Taiwan, Asia, TRUE, FALSE, No, http://ftp.yzu.edu.tw/torproject.org/, , rsync://ftp.yzu.edu.tw/pub/torproject.org/, ftp://ftp.yzu.edu.tw/torproject.org/, http://ftp.yzu.edu.tw/torproject.org/dist/, , rsync://ftp.yzu.edu.tw/pub/torproject.org/dist/, , Wed Jul 15 18:49:12 2015
tormirror at sybec.net <mailto:tormirror at sybec.net>, Sybec Services Ltd., DE, Germany, DE, TRUE, FALSE, FALSE, http://tormirror.sybec.net:8080/ <http://tormirror.sybec.net:8080/>, , , , http://tormirror.sybec.net:8080/dist/ <http://tormirror.sybec.net:8080/dist/>, , , , 
tor at tvdw dot eu, TvdW, XX, Around the world, XX, TRUE, TRUE, Yes, http://tor-exit.network, , , , http://tor-exit.network/dist, , , , Wed Jul 15 18:49:12 2015
spiderfly AT protonmail DOT com, Tor Supporter, FR, France, FR, TRUE, FALSE, No, http://onionphysics.com, , , , http://onionphysics.com/dist/, , , , Wed Jul 15 18:49:12 2015
ops at hoovism.com, Matthew Hoover, US, NJ, US, TRUE, TRUE, No, http://tor.hoovism.com/, https://tor.hoovism.com/, rsync://tor.hoovism.com/tor/, , http://tor.hoovism.com/dist/, https://tor.hoovism.com/dist/, rsync://tor.hoovism.com/tor/dist/, http://bt3ehg7prnlm6tyv.onion/, Wed Jul 15 18:49:12 2015
tormaster AT urown DOT net, urown.net, CH, Switzerland, Europe, TRUE, TRUE, No, http://torproject.urown.net/, https://torproject.urown.net/, , , http://torproject.urown.net/dist/, https://torproject.urown.net/dist/, , http://torprowdd64ytmyk.onion, Wed Jul 15 18:49:12 2015
Stefan, sela Internet, DE, Germany, DE, TRUE, TRUE, No, http://sela.io/mirrors/torproject.org/, https://sela.io/mirrors/torproject.org/, , , http://sela.io/mirrors/torproject.org/dist/, https://sela.io/mirrors/torproject.org/dist/, , , Wed Jul 15 18:49:12 2015
justaguy AT justaguy DOT pw, Justaguy, NL, The Netherlands, NL, True, False, No, http://services.justaguy.pw/, https://services.justaguy.pw/, , , http://services.justaguy.pw/dist, https://services.justaguy.pw/dist, , http://3qzbcsjhwseov7k4.onion, Wed Jul 15 18:49:12 2015
thomaswhite AT riseup DOT net, TheCthulhu, NL, The Netherlands, NL, True, False, No, http://tor.thecthulhu.com/, https://tor.thecthulhu.com/, , , http://tor.thecthulhu.com/dist/, https://tor.thecthulhu.com/dist/, , , Wed Jul 15 18:49:12 2015
rush23 AT gmx DOT net, Tor Supporter, DE, Germany, Europe, TRUE, FALSE, No, http://tor-proxy.euve59946.serverprofi24.de/, , , , http://tor-proxy.euve59946.serverprofi24.de/dist/, , , , Thu Jun  4 19:06:42 2015
webmaster AT ccc DOT de, CCC, NL, The Netherlands, Europe, TRUE, FALSE, No, http://tor.ccc.de/, https://tor.ccc.de, , , http://tor.ccc.de/dist/, https://tor.ccc.de/dist/, , , Wed Jul 15 18:49:12 2015
mitchell AT lcsks DOT com, CCC, US, United States, US, TRUE, FALSE, No, http://mirror.lcsks.com, , , , , , , , 
